1|Alfredo Cedano|cedano@gmail.com|123456|2|Luis Casillas|casillas@gmail.com|123456|3|Luis Mu¤oz|munoz@gmail.com|123456|4|Zoila Herrera|zoila@gmail.com|123456|5|Luis Lugo|lugo@gmail.com|123456|6|Alfredo Gutierrez|alfredo@gmail.com|123456|7|Hassem Macias|hassem@gmail.com|123456|8|Felipe Echauri|echauri@gmail.com|123456|9|Michel Boites|boites@gmail.com|123456|10|David Anaya|anaya@gmail.com|123456|